User Count,Posts count
1769179,329
1773346,489
1777458,362
1782523,519
1788620,516
1793320,490
1799368,252
1805576,313
1810908,520
1821961,577
1839235,1137
1857070,1500
,1123
,337
1886614,503
,787
,1382
,1048
,1460
,3631
2063990,673
,3702
,7795
,27204
4949083,68250
6167787,15240
,4118
,3130
,7283
,18552
8462861,7495
8543123,6381
8603332,9269
8651917,3451
8697934,1026
8747860,538
8800534,275
8868209,383
8946565,370
8987409,281
9018559,337
9045339,219
9070137,203
9094838,
9117248,705
9141837,1977
9161570,2998
9179701,1881
9196358,996
9212654,1250
9226411,2219
9249719,2133
9295496,6324
9319273,7081
9333365,1908
9346290,1725
9363629,3507
9385303,4893
9410014,4723
9425121,3859
9436285,2872
9444070,1231
9453890,1194
9465400,3518
9479186,4932
9496597,8061
9511046,3708
9523213,3004
9533480,1860
9540694,1845
9556502,2600
9571882,2418
9586850,1937
9600482,2132
9611287,1930
9620030,794
9628790,784
9637629,1542
9646295,1752
9654568,2160
9662197,1814
9669321,1428
9674944,
9681605,601
9689028,675
9695549,1062
9702611,1118
9709213,1115
9714726,1157
9719663,447
9725400,390
9731916,505
9738273,766
9744734,840
9750553,881
9755649,1058
9759797,937
9765266,394
9771113,485
9777577,1002
9786851,1185
9797825,1000
9819244,1440
9835949,1369
9848934,563
9864718,706
9881140,786
9893186,880
9904350,970
9914367,810
9923084,661
9931866,400
9942408,638
9955617,1480
9964705,1072
9973484,1171
9980845,976
9988217,719
9995365,376
10004973,892
10016183,831
10027227,1332
10035023,1761
10044722,1097
10055081,642
10066051,541
10075386,1024
10085394,1072
10095094,969
10104685,1143
10112678,891
10118985,427
10125264,386
10131769,842
10138879,735
10144573,790
10149724,735
10153478,643
10156937,411
10160701,336
10165490,648
10171817,918
10179904,1449
10193432,2345
10211277,1603
10219180,549
10225762,356
10232122,370
10241454,880
10273746,3532
10322134,4074
10339971,2105
10352948,639
10365930,722
10382317,2000
10419790,4847
10459931,4694
10481473,2935
10495196,1984
10503555,803
10511428,753
10521189,1544
10530159,1486
10538338,1248
10546155,1385
10552613,943
10556756,375
10561352,330
10567174,900
10574446,954
10580805,891
10586394,955
10592659,894
10596769,379
10600856,404
10605546,885
10610728,995
10615757,793
10620004,850
10623812,690
10626652,201
10631111,219
10635809,308
10639731,580
10643707,799
10647850,743
10651569,635
10656003,261
10658900,295
10662368,574
10665721,634
